{
    "MusicSettings": {
        "Cache": [],
        "KeepSpeed": "off",
        "Like": [],
        "Music_Cache_Number": "0000",
        "Music_Cache_Playlists": "0",
        "Music_Cache_Speed": "1.0x",
        "Music_Cache_Status": "0",
        "Music_Cache_Time": "000",
        "PlayMode": "0",
        "Volume": 50
    },
    "Playlists": {
        "Main": []
    },
  "Settings": {
    "Convenience_1": false,
    "Convenience_2": false,
    "Personalized_1_First": "0",
    "Personalized_1_Second": "0",
    "Personalized_1_SystemColor": "00",
    "Personalized_2_Pcs": "0",
    "Personalized_2_Sys": "0",
    "Personalized_2_Sysin": "0",
    "Privacy_1": false
  }
}